First process instance # in stats,1
Last process instance # in stats,1000

Resource utilization
Resource,Utilization %
Official of export,Lane_0e2bfgm,21
Inspector of exit,Lane_0j12m88,18
Official of exit,Lane_0b2odqj,1
ACSystem,Lane_13g3sgg,0
Inspector of export,Lane_1l9mjnq,29

Individual task statistics
Name,Avg duration,Min duration,Max duration,Total duration,Avg waiting time,Min waiting time,Max waiting time,Total waiting time,Avg idle time,Min idle time,Max idle time,Total idle time,Avg cost,Min cost,Max cost,Total cost,Avg cost over thresh,Min cost over thresh,Max cost over thresh,Total cost over thresh,Avg duration over thresh,Min duration over thresh,Max duration over thresh,Total duration over thresh,Count,
Are office of export
and exit the same?,Process_0h6mjgt.Gateway_0d1piar,0.0,0.0,0.0,0.0,0.0,0.0,0.0,0.0,0.0,0.0,0.0,0.0,0.0,0.0,0.0,0.0,0.0,0.0,0.0,0.0,0.0,0.0,0.0,0.0,901
Check compliance of goods,Process_0h6mjgt.Activity_05jg1tp,3282.6267615062784,7.902,15615.023,2353643.3880000017,2117.15695971649,0.0,13733.28299999237,1471424.0870029605,9615.27922315202,0.0,237600.0,6894155.202999999,13.671459801642643,0.006977777777777778,89.25300000000001,9802.436677777774,0.0,0.0,0.0,0.0,0.0,0.0,0.0,0.0,717
Control goods,Process_0h6mjgt.sid-7539F8C7-7774-49F6-AB50-37EFEAD46C34,3365.319562962965,3.6999999999970896,22874.02300000001,3180226.987000002,1105.7629986832835,0.0,8212.742999931332,827110.723015096,58653.060898412725,0.0,237600.0,5.5427142549000025E7,55.33489156966481,0.08222222222222222,508.31162222222224,52291.472533333246,0.0,0.0,0.0,0.0,0.0,0.0,0.0,0.0,945
Customs declaration
received,Process_0h6mjgt.Event_10dyzhb,0.0,0.0,0.0,0.0,0.0,0.0,0.0,0.0,0.0,0.0,0.0,0.0,0.0,0.0,0.0,0.0,0.0,0.0,0.0,0.0,0.0,0.0,0.0,0.0,1000
Declaration
accepted,Process_0h6mjgt.Event_1yf2tc1,0.0,0.0,0.0,0.0,0.0,0.0,0.0,0.0,0.0,0.0,0.0,0.0,0.0,0.0,0.0,0.0,0.0,0.0,0.0,0.0,0.0,0.0,0.0,0.0,945
Declaration
rejected,Process_0h6mjgt.Event_1vdy4tr,0.0,0.0,0.0,0.0,0.0,0.0,0.0,0.0,0.0,0.0,0.0,0.0,0.0,0.0,0.0,0.0,0.0,0.0,0.0,0.0,0.0,0.0,0.0,0.0,55
EAD received,Process_0h6mjgt.Event_0ymglzh,0.0,0.0,0.0,0.0,0.0,0.0,0.0,0.0,0.0,0.0,0.0,0.0,0.0,0.0,0.0,0.0,0.0,0.0,0.0,0.0,0.0,0.0,0.0,0.0,717
EAD sent
to the declarant,Process_0h6mjgt.Event_1ftqmzy,0.0,0.0,0.0,0.0,0.0,0.0,0.0,0.0,0.0,0.0,0.0,0.0,0.0,0.0,0.0,0.0,0.0,0.0,0.0,0.0,0.0,0.0,0.0,0.0,717
Exit confirmation
received,Process_0h6mjgt.Event_0t6ch9h,454.6314347826086,301.607,599.667,83652.18399999998,0.0,0.0,0.0,0.0,0.0,0.0,0.0,0.0,0.0,0.0,0.0,0.0,0.0,0.0,0.0,0.0,0.0,0.0,0.0,0.0,184
Exit confirmation
received,Process_0h6mjgt.Event_1ntkg55,455.8674560669462,300.413,599.046,326856.9660000004,0.0,0.0,0.0,0.0,0.0,0.0,0.0,0.0,0.0,0.0,0.0,0.0,0.0,0.0,0.0,0.0,0.0,0.0,0.0,0.0,717
Exit of goods
confirmed,Process_0h6mjgt.Event_1n2b760,0.0,0.0,0.0,0.0,0.0,0.0,0.0,0.0,0.0,0.0,0.0,0.0,0.0,0.0,0.0,0.0,0.0,0.0,0.0,0.0,0.0,0.0,0.0,0.0,901
Export of goods
refused,Process_0h6mjgt.Event_0fura49,0.0,0.0,0.0,0.0,0.0,0.0,0.0,0.0,0.0,0.0,0.0,0.0,0.0,0.0,0.0,0.0,0.0,0.0,0.0,0.0,0.0,0.0,0.0,0.0,44
Forward EAD to customs office of exit,Process_0h6mjgt.Activity_0hu9c78,21.239654114365408,0.0,1515.537,15228.831999999999,21.239654114721876,0.0,1515.5369999408722,15228.832000255585,0.0,0.0,0.0,0.0,0.0,0.0,0.0,0.0,0.0,0.0,0.0,0.0,0.0,0.0,0.0,0.0,717
GATEWAY 10 AND,Process_0h6mjgt.Gateway_1kzdg8b,0.0,0.0,0.0,0.0,0.0,0.0,0.0,0.0,0.0,0.0,0.0,0.0,0.0,0.0,0.0,0.0,0.0,0.0,0.0,0.0,0.0,0.0,0.0,0.0,717
GATEWAY 23 XOR,Process_0h6mjgt.Gateway_1cld0ad,0.0,0.0,0.0,0.0,0.0,0.0,0.0,0.0,0.0,0.0,0.0,0.0,0.0,0.0,0.0,0.0,0.0,0.0,0.0,0.0,0.0,0.0,0.0,0.0,901
GATEWAY 24 AND,Process_0h6mjgt.Gateway_16yqk3m,0.0,0.0,0.0,0.0,0.0,0.0,0.0,0.0,0.0,0.0,0.0,0.0,0.0,0.0,0.0,0.0,0.0,0.0,0.0,0.0,0.0,0.0,0.0,0.0,717
GATEWAY 30 AND,Process_0h6mjgt.Gateway_08ivatz,0.0,0.0,0.0,0.0,0.0,0.0,0.0,0.0,0.0,0.0,0.0,0.0,0.0,0.0,0.0,0.0,0.0,0.0,0.0,0.0,0.0,0.0,0.0,0.0,717
GATEWAY 33 AND,Process_0h6mjgt.Gateway_04owq15,0.0,0.0,0.0,0.0,0.0,0.0,0.0,0.0,0.0,0.0,0.0,0.0,0.0,0.0,0.0,0.0,0.0,0.0,0.0,0.0,0.0,0.0,0.0,0.0,717
Goods received at exit office,Process_0h6mjgt.Event_0r3eekz,176989.958725244,86555.011,258960.127,1.2690180040599996E8,0.0,0.0,0.0,0.0,0.0,0.0,0.0,0.0,0.0,0.0,0.0,0.0,0.0,0.0,0.0,0.0,0.0,0.0,0.0,0.0,717
Goods received at export office,Process_0h6mjgt.sid-B7516F7F-F3B9-4E7A-9E0C-36DD39F8B280,52904.23983068783,21686.213,86339.126,4.999450664E7,0.0,0.0,0.0,0.0,0.0,0.0,0.0,0.0,0.0,0.0,0.0,0.0,0.0,0.0,0.0,0.0,0.0,0.0,0.0,0.0,945
Invalidate customs declaration,Process_0h6mjgt.Activity_0ics7uj,235.81611363636372,12.056,480.817,10375.909000000003,14.59888636524027,0.0,331.1560001373291,642.3510000705719,0.0,0.0,0.0,0.0,9.217384469696968,0.5023333333333333,18.91045833333333,405.56491666666665,0.0,0.0,0.0,0.0,0.0,0.0,0.0,0.0,44
Issue MRN,Process_0h6mjgt.Activity_17fh0q1,1.4343386243386245,1.0,57.623,1355.45,0.43433862464137807,0.0,56.623000144958496,410.4500002861023,0.0,0.0,0.0,0.0,2.77777777777772E-4,2.777777777777778E-4,2.777777777777778E-4,0.2624999999999945,0.0,0.0,0.0,0.0,0.0,0.0,0.0,0.0,945
Produce EAD,Process_0h6mjgt.Activity_0s3cyoa,280.36453974895403,0.204,1548.352,201021.37500000006,23.46394979139086,0.0,1236.383999824524,16823.652000427246,0.0,0.0,0.0,0.0,10.704191248256626,0.008499999999999999,27.013541666666665,7674.905125,0.0,0.0,0.0,0.0,0.0,0.0,0.0,0.0,717
Register customs declaration,Process_0h6mjgt.Activity_0wy04s2,490.54440000000034,105.264,1974.049,463564.45800000033,9.447885713627729,0.0,1391.8719999790192,8928.251999378204,2194.285714285714,0.0,230400.0,2073600.0,20.045688095238077,4.385999999999999,35.51445833333334,18943.175249999982,0.0,0.0,0.0,0.0,0.0,0.0,0.0,0.0,945
Release goods for export,Process_0h6mjgt.Activity_0emoei7,623.1415205327418,194.54,2200.393,561450.5100000004,19.17256048860878,0.0,1304.851000070572,17274.47700023651,0.0,0.0,0.0,0.0,25.165373335183137,8.105833333333333,40.170291666666664,22674.001375000007,0.0,0.0,0.0,0.0,0.0,0.0,0.0,0.0,901
Retrive customs declaration,Process_0h6mjgt.Activity_012tqx2,90.01593584379359,60.0,360.0,64541.426,38.6381077372039,0.0,299.9999999046322,21521.426009622573,66899.90463737796,0.0,230373.278,4.796723162499999E7,2.5,2.5,2.5,1792.5,0.0,0.0,0.0,0.0,0.0,0.0,0.0,0.0,717
Retrive risk analysis report,Process_0h6mjgt.Activity_16i7c4u,116.79417852161787,60.0,360.0,83741.426,56.79417852178278,0.0,300.0,40721.426000118256,80.3347280334728,0.0,57600.0,57600.0,2.5,2.5,2.5,1792.5,0.0,0.0,0.0,0.0,0.0,0.0,0.0,0.0,717
Risk analysis,Process_0h6mjgt.Activity_1bq9ez2,60.0,60.0,60.0,56700.0,0.0,0.0,0.0,0.0,0.0,0.0,0.0,0.0,0.01666666666666705,0.016666666666666666,0.016666666666666666,15.750000000000362,0.0,0.0,0.0,0.0,0.0,0.0,0.0,0.0,945
Send goods to the customs office of exit,Process_0h6mjgt.Activity_1ycxj9m,1449.5835760111565,34.064,8359.582,1039351.4239999993,831.601308127721,0.0,7521.406999826431,593763.3340031928,1111.377649930265,0.0,237554.809,796857.7750000001,13.810261583759488,0.22653333333333336,34.57262222222222,9901.957555555553,0.0,0.0,0.0,0.0,0.0,0.0,0.0,0.0,717
Supervise phisical exit of goods,Process_0h6mjgt.Activity_0wlq0gq,630.090576086957,1.52,1533.215,115936.66600000007,0.0,0.0,0.0,0.0,0.0,0.0,0.0,0.0,26.253774003623196,0.06333333333333334,63.88395833333333,4830.694416666668,0.0,0.0,0.0,0.0,0.0,0.0,0.0,0.0,184
Supervise phisical exit of goods,Process_0h6mjgt.Activity_123g5oq,638.42419804742,3.97,1880.393,457750.15000000014,29.206202231690476,0.0,1180.5479998588562,20940.84700012207,0.0,0.0,0.0,0.0,25.384083158995825,0.16541666666666666,65.73333333333333,18200.387625000007,0.0,0.0,0.0,0.0,0.0,0.0,0.0,0.0,717
Take appropriate measures,Process_0h6mjgt.Activity_14g4wpu,835.0699545454543,0.144,3578.123,36743.07799999999,7.046409097584811,0.0,168.67200016975403,310.0420002937317,0.0,0.0,0.0,0.0,34.50098106060606,0.005999999999999999,149.0884583333333,1518.0431666666666,0.0,0.0,0.0,0.0,0.0,0.0,0.0,0.0,44
Verify customs declaration and attached documents,Process_0h6mjgt.sid-4AE8926C-AA23-4EC0-8AA0-70E9D366FB1F,1815.4342150000002,1.552,11785.092,1815434.2150000003,4.990450999975204,0.0,810.7230000495911,4990.4509999752045,6274.8,0.0,230400.0,6274800.0,75.43515683333334,0.06466666666666666,491.0455,75435.15683333334,0.0,0.0,0.0,0.0,0.0,0.0,0.0,0.0,1000
are all conditions 
for acceptance fulfilled?,Process_0h6mjgt.Gateway_14jf0ma,0.0,0.0,0.0,0.0,0.0,0.0,0.0,0.0,0.0,0.0,0.0,0.0,0.0,0.0,0.0,0.0,0.0,0.0,0.0,0.0,0.0,0.0,0.0,0.0,1000
are issues detected?,Process_0h6mjgt.Gateway_0u0wlqf,0.0,0.0,0.0,0.0,0.0,0.0,0.0,0.0,0.0,0.0,0.0,0.0,0.0,0.0,0.0,0.0,0.0,0.0,0.0,0.0,0.0,0.0,0.0,0.0,945

Scenario statistics
KPI,Min,Average,Max
Process Cycle Time (s),27.834,307242.3024870001,585500.147
Process Cycle Time excluding out of timetable hours (s),27.834,10796.552839000002,34009.321000000054
Process Waiting Time (s),-2.1744199329987168E-7,3040.090350009154,18381.7060002079
Accumulated Process Duration (s),27.834,307255.2686420001,585500.1469999999
Cost,1.15975,225.27880797500003,741.1199833333334


Process Cycle Time (s) distribution
From,To,Count
27,58574,54
58575,117122,156
117123,175670,26
175671,234218,12
234219,292766,156
292767,351314,197
351315,409862,37
409863,468410,193
468411,526958,150
526959,585506,19

Process Waiting Time (s) distribution
From,To,Count
-1,1837,466
1838,3676,191
3677,5515,148
5516,7354,82
7355,9193,58
9194,11032,28
11033,12871,15
12872,14710,5
14711,16549,4
16550,18388,3

Accumulated Process Duration (s) distribution
From,To,Count
27,58574,54
58575,117122,156
117123,175670,26
175671,234218,12
234219,292766,156
292767,351314,197
351315,409862,37
409863,468410,193
468411,526958,150
526959,585506,19

Process Cost distribution
From,To,Count
1,74,43
75,148,168
149,222,351
223,296,250
297,370,103
371,444,60
445,518,12
519,592,9
593,666,2
667,740,2

In-timetable Cycle time (s) distribution
From,To,Count
27,3425,70
3426,6824,145
6825,10223,254
10224,13622,255
13623,17021,170
17022,20420,62
20421,23819,32
23820,27218,9
27219,30617,2
30618,34016,1



Details
Instance #,Cycle time (s),Cycle time in time table only (s),Waiting time (s),Cost
1,435163.306,7378.370999999985,60.000000057210855,200.56590555555553
2,434280.068,11074.385000000068,1948.7120000228897,239.9107833333333
3,428845.544,7745.856000000029,566.1520002479592,240.48511944444442
4,426324.759,10011.809000000067,714.2710000248044,290.3513722222222
5,419502.356,12375.055999999982,1154.7159998664865,322.9482194444444
6,415547.903,4825.225999999966,59.99999996565748,144.09053333333333
7,155177.599,11336.426999999967,2109.2499999752044,304.6451611111111
8,149070.167,6680.125999999989,5.149922799319029E-8,197.24428333333336
9,212.206,212.206,0.0,8.841916666666666
10,349614.659,16195.511999999988,5910.550000095367,225.34780555555554
11,83763.121,4564.535999999993,1.1825613910332322E-7,135.1345
12,83249.101,7281.406999999992,1066.196999940872,221.79079722222224
13,343050.815,12011.830000000016,5271.932999979015,190.90668333333332
14,343939.323,15208.837999999989,6185.866999988556,268.0672666666667
15,338776.773,11091.041999999958,5111.097999813082,190.63461944444447
16,336245.293,8515.129000000015,4498.724999881742,122.10741388888887
17,333492.348,8896.798999999999,3711.063999931339,130.63974166666668
18,1850.968,1850.968,0.0,77.12366666666667
19,495823.826,22915.101000000024,8.393180905841291E-8,571.3291416666667
20,319354.635,9363.572999999975,129.22000012206263,353.43712222222223
21,424406.737,9300.478000000061,4339.197999748239,159.6378861111111
22,512734.56,13577.092999999993,5504.201000040055,232.61204444444442
23,514391.159,14076.581000000006,2820.494000034323,252.35900555555557
24,507604.956,11870.977000000014,3330.091999698634,258.09449166666667
25,253790.573,10808.132000000012,3918.773000015266,212.0096027777778
26,506372.454,15729.844000000041,4423.164000072487,251.83672222222225
27,3003.33,3003.33,0.0,125.13875
28,502795.1,9733.902999999991,5728.502999971388,113.32336666666669
29,496326.471,13639.88500000001,4894.746000110623,227.03585
30,580937.931,9784.087999999989,391.4080000572212,278.27770555555554
31,324344.838,10495.646000000008,112.54699997901935,302.81685555555555
32,341135.722,10698.231000000029,2653.3750000247965,183.66435
33,261587.412,6584.103000000003,1006.4130001773838,136.01416388888887
34,75445.567,8223.377999999997,1575.6089999809265,175.94904722222225
35,327019.2,9428.42200000002,925.1579999694823,226.78139166666668
36,149397.516,7462.252999999997,-1.0681196727091447E-7,246.90905833333332
37,232866.008,5074.869999999995,7.632479537278414E-9,131.1834638888889
38,100237.807,16170.627999999997,8.201459422707558E-8,416.2602111111112
39,517934.247,9496.273999999976,641.5569998416904,317.6434833333333
40,517531.671,5783.636999999988,1621.2930000724714,123.0319138888889
41,68520.672,5050.393000000004,706.4089998226164,143.81519444444447
42,152737.696,11584.293999999994,-3.242530510760844E-8,404.3038305555555
43,148957.897,4315.2850000000035,-1.0871735867112875E-7,160.98414722222222
44,234683.653,8293.987999999983,-1.831067493185401E-7,215.50485833333335
45,425749.059,6501.427000000025,902.3090001392375,179.81165277777782
46,423758.933,12249.850000000035,59.99999985312297,348.20939444444446
47,341809.283,7191.033999999985,913.7330001144437,210.8431833333333
48,855.458,855.458,0.0,35.644083333333334
49,343028.368,9712.959000000032,1961.3329999599505,173.71895
50,79998.319,8979.214000000007,1.0299845598638058E-7,337.08288055555556
51,339154.479,8526.70199999999,3799.4540000438683,135.27129722222222
52,334408.398,14102.352000000014,2425.68699994278,340.8395527777777
53,329312.905,10081.88300000003,735.2609998836633,313.74364999999995
54,328779.488,7885.141000000003,2422.6639999771105,169.36532777777776
55,65622.828,4141.182999999997,3.4331606002524495E-8,138.23045833333336
56,434033.499,17620.169999999984,2866.9100001163606,365.5777916666666
57,357683.773,10277.276000000013,5257.567999986641,140.0617638888889
58,255804.404,9127.05800000002,-1.1437805369496346E-8,347.52242222222225
59,423873.937,13729.70299999998,3625.5510001468647,318.55252777777775
60,428061.31,14792.729999999981,2339.112999862671,370.2682277777777
61,250038.288,4118.225999999995,552.1619999942777,103.17068055555555
62,415753.785,11377.036999999953,5596.631999629983,162.3241388888889
63,501343.972,15199.428000000014,4015.8340001640317,247.0989083333333
64,410070.231,13665.396999999997,3527.2890000019215,266.72594722222226
65,408481.495,10771.344000000041,3817.347999965663,197.17934166666666
66,331464.69,9934.661000000022,2398.177000070573,190.17902777777778
67,874.872,874.872,0.0,36.452999999999996
68,1885.293,1885.293,0.0,78.553875
69,87516.195,11812.95700000001,1047.9340000591292,420.8891138888889
70,87478.932,6664.762000000002,8.201459422707558E-8,178.25519722222222
71,343334.241,8491.29899999994,2217.0290000476816,167.90408611111116
72,270844.765,8712.597999999998,114.94200001526042,234.64836111111111
73,79874.945,4914.097000000009,-3.812601789832115E-9,170.59778333333333
74,340619.269,9720.187999999966,2246.1900000648457,203.38568055555555
75,340444.692,9559.135999999999,3294.463000106811,166.59484999999998
76,332148.968,10706.581000000006,6738.209000440598,125.67196388888888
77,330853.405,9621.993000000017,763.9300000667572,221.33898611111113
78,327556.773,17003.35499999998,7908.376000003815,272.4352333333334
79,332678.151,16778.032000000007,185.41100001335144,411.68188611111117
80,327715.184,10118.614000000001,3067.756999977115,164.88777499999998
81,330118.472,13678.712999999989,4173.721999923706,250.3830888888889
82,322688.046,13867.829999999958,7915.139000103001,179.9806972222222
83,322991.064,19911.23900000006,5035.964000011445,480.3406305555556
84,321548.175,12157.902999999991,4208.714000396729,183.73368055555557
85,260338.116,13847.719000000012,7888.810000061036,160.14045
86,511907.999,10954.995999999985,6916.584000164032,116.37224444444443
87,511062.709,14910.255999999994,7792.116000247968,247.9523861111111
88,79828.001,7920.729000000007,1130.2769999694792,215.01516944444444
89,506755.564,12335.194000000018,4769.7269999923665,186.5554833333333
90,255270.669,12066.44200000001,7490.517000102998,141.345475
91,502274.864,21305.89400000003,4706.19900017928,572.8743583333334
92,500863.478,12353.118999999948,5498.768000331889,189.36881944444445
93,500365.872,12998.001999999979,5097.8479999961855,211.48496666666668
94,494737.695,22851.994000000006,977.855999877931,741.1199833333334
95,85095.648,2972.5149999999994,-2.4796463549137115E-8,93.18016111111112
96,80419.566,6539.111000000004,307.8959999027247,193.71260277777776
97,420449.664,7849.331000000006,3039.088000097283,150.48793055555558
98,413011.643,6197.179999999993,1560.0460000343464,131.27145
99,69819.594,7088.346999999994,615.8489999752037,204.9549833333333
100,412257.748,8261.048999999999,1423.836999822608,216.64888055555554
101,412428.698,6216.268999999971,1625.3710000534193,148.0779138888889
102,413489.774,10138.103000000003,2926.3150001144386,153.28907777777775
103,148980.455,5414.301999999996,-8.201459422707558E-8,167.421775
104,344093.54,11735.102000000014,3283.068000167841,232.22281944444444
105,334869.684,16892.391999999993,6570.899999984741,337.1166111111111
106,328772.438,7808.994999999995,3271.9800001640324,128.50588333333332
107,329585.994,9867.45199999999,5417.344000103003,150.30721944444446
108,69086.041,5108.315999999999,533.0890000877371,128.1304888888889
109,328747.998,8709.266000000061,3777.688999897,132.38676944444444
110,323716.838,16330.935999999987,3649.8020000953675,310.8684666666667
111,432912.359,7505.565999999992,2475.8750000324144,152.70460555555556
112,518112.189,7851.205000000016,2930.436000240341,136.78245555555557
113,515779.923,18242.45100000006,-1.7153070075437427E-8,456.7354722222221
114,441579.316,9844.954000000027,-1.1824886314570904E-7,282.00244166666664
115,426735.052,7732.465000000026,267.7429999523083,182.6632666666667
116,347764.686,10782.19299999997,80.92900001336238,274.5302111111111
117,2456.906,2456.906,0.0,102.37108333333332
118,286.553,286.553,0.0,11.939708333333332
119,495270.598,7175.603000000003,3012.3300000877425,120.61350277777778
120,83271.313,4960.911999999997,9.727227734401822E-8,158.49994444444445
121,254465.704,9113.594000000012,270.1429998168928,209.30283055555554
122,338143.51,8192.763000000035,0.0,287.90609166666667
123,585500.147,11113.005999999936,654.7370000972733,259.31658055555556
124,578269.054,6324.7339999999385,397.4800000934629,159.6514472222222
125,188777.059,8659.395000000019,2804.891000013351,172.62051388888892
126,88099.09,8679.182,1324.3120000572198,252.55936944444446
127,516556.924,8439.582999999984,-9.537325240671635E-8,226.19422222222227
128,74440.078,3764.7599999999948,-7.24758137948811E-8,131.13143333333335
129,508750.287,12040.660999999964,3637.3680001659523,231.5839138888889
130,502600.935,10281.039999999979,60.000000099185854,326.8411888888889
131,243454.721,9283.332999999984,398.2690000419607,273.5312777777778
132,236436.649,7277.389999999985,4.9591108108870685E-8,239.54273333333333
133,148821.681,8337.224000000017,7.628841558471322E-9,313.8285805555556
134,434183.645,6058.280999999959,2550.645999847413,120.24080000000001
135,76098.209,10840.693,-7.24794517736882E-8,300.6774722222222
136,354529.028,16113.649000000034,7861.018000040053,244.21501944444444
137,348418.916,11175.907000000007,2491.270000192646,312.37167222222223
138,348522.132,13402.537000000011,6009.8969997406,202.4726972222222
139,343421.843,15539.708999999973,3458.3460000133427,461.1393277777778
140,344324.115,10311.385999999999,2564.7420000782004,195.01735555555558
141,82883.505,9781.856,394.9700001392357,349.5499472222223
142,333206.012,10256.243000000017,3020.064000061033,180.60015555555557
143,66202.128,5742.298999999999,3.4331606002524495E-8,175.66601111111112
144,329698.6,14033.872999999963,4099.44600011444,234.63754444444444
145,519280.729,13665.815000000002,251.07999995612045,391.18909444444444
146,517810.619,15320.588000000047,3581.5150002231585,285.33950555555555
147,200.74,200.74,0.0,8.364166666666666
148,426915.863,19790.37400000001,2300.8710000076244,538.5663138888889
149,510414.006,11009.102000000014,3375.5050000438787,224.44405555555556
150,244370.394,6750.488000000012,5.73345459997654E-9,197.3941694444445
151,425440.53,11076.387000000046,4373.1710000934545,156.65053333333333
152,238260.473,6147.334999999992,-5.532638169825077E-8,193.907625
153,427712.781,12279.495000000054,2682.6920002269617,280.83187777777783
154,1133.782,1133.782,0.0,47.240916666666664
155,267017.467,5366.195999999996,-1.3351382222026587E-8,167.84189444444445
156,341440.316,11796.138000000035,2368.6389998970026,229.64065000000005
157,340988.875,10578.10599999997,1023.7100001144427,283.3698944444444
158,84215.965,9330.822,9.727227734401822E-8,273.3119472222222
159,154312.055,8357.675999999978,0.0,216.69815
160,237449.467,8379.638000000006,585.806000053406,201.17746666666665
161,320357.929,14026.938000000024,1594.371000038147,440.64157777777774
162,580680.804,11262.258999999962,573.9050001258729,253.06732222222223
163,522741.787,11581.63300000003,4996.801999942774,203.22188611111113
164,82511.829,3186.572,-4.3866748455911875E-8,95.85921666666667
165,254536.423,7740.963000000018,3341.1250002574925,115.18366666666667
166,516782.13,10659.001999999979,4596.329999914167,166.02812222222224
167,245139.68,7477.935999999987,1280.2439998741102,191.03673888888886
168,245372.499,16815.920000000013,2256.627999832155,383.7806972222222
169,244279.632,8725.35500000001,3217.9499997177154,155.5197222222222
170,500195.315,5057.472000000009,-1.1254451237618923E-7,137.22623055555556
171,85352.922,2879.564000000013,793.7819999752046,67.35612777777777
172,85640.915,4941.093999999997,1078.0720000324254,131.93556944444444
173,433449.242,15128.489000000001,5472.883000230777,353.7116888888889
174,427403.641,13649.302000000025,5656.525999954221,246.15236111111113
175,425839.543,10776.635999999999,6010.417000080095,158.00416944444447
176,71185.396,3363.777999999991,-1.1634983820840716E-7,117.84358333333333
177,415791.478,9015.248000000021,395.3360000095272,192.667925
178,67763.067,3979.4619999999923,224.5150001277907,133.4666722222222
179,409351.402,16714.00199999998,6810.915999841702,330.0407361111111
180,357173.626,15860.970999999961,5825.519999698638,284.92220555555554
181,357020.377,26942.668999999994,9986.966000072473,422.61377222222217
182,88591.724,5822.952000000005,1005.6999999752043,136.78499444444444
183,91621.486,8315.699000000008,643.6870000362396,238.80923333333334
184,346257.848,18290.168000000005,9526.107000087732,190.61084166666666
185,80943.229,9095.985,2779.352999912262,225.2863027777778
186,342415.555,24329.179999999993,11869.331000040052,428.43416111111117
187,334808.389,17389.851000000024,7052.034000219348,244.97630277777782
188,321321.917,4572.685000000056,4.385947249829769E-8,166.1256027777778
189,3909.464,3909.464,0.0,162.89433333333332
190,514309.192,9953.597000000009,2715.4300000724943,241.15569722222222
191,425230.924,7492.074000000022,2.287561073899269E-8,269.1444388888889
192,238097.613,2058.8740000000107,-7.057678885757923E-8,83.86957222222225
193,238178.303,6518.958000000013,99.45199992370908,165.95259166666665
194,337092.842,10294.199000000022,2300.9840000705735,241.50764166666664
195,334020.924,7824.915000000037,2345.2639998474115,185.96273611111113
196,335033.265,11231.416000000027,1628.4749999599444,259.64245833333337
197,243377.273,9322.005999999994,106.05100015640346,250.30624722222225
198,246769.327,10160.281000000017,764.7920000705708,208.70761388888891
199,241130.963,7911.994999999995,1.9264189177192748E-7,222.24725555555557
200,240574.831,9651.125,-9.538780432194471E-9,246.5232722222222
201,1183.993,1183.993,0.0,49.33304166666666
202,151610.746,10725.926000000007,1.3351382222026587E-8,330.8784944444444
203,261208.662,13447.071999999986,2924.832999866485,288.7201638888889
204,6359.834,6359.834,0.0,264.99308333333335
205,506982.734,5437.521000000008,158.25899964523887,159.9031333333333
206,507367.479,4858.745999999985,1320.0839998722113,110.1344
207,241505.373,7137.8829999999725,-4.959292709827423E-8,201.60971111111112
208,237729.881,11083.367999999988,-1.487751433160156E-7,284.14120277777783
209,87989.663,9747.899999999994,9.917857823893428E-8,391.80164444444443
210,418.472,418.472,0.0,17.436333333333334
211,432893.903,11303.332999999984,1240.9379999599405,297.33421111111113
212,428272.51,9107.288,248.26199987410655,266.2996027777778
213,428216.112,17651.226000000024,2603.1080000724905,391.0554194444444
214,425690.88,8013.088999999978,3064.9830000705624,154.44840555555555
215,414071.51,10325.69000000006,73.49699993705144,276.67470833333334
216,408431.453,12964.592000000004,3475.7699999408724,239.3925611111111
217,347149.71,9557.280000000028,3040.6650001659364,189.86834444444443
218,338692.871,9578.966000000015,3448.0799999809205,189.87884444444444
219,334427.243,10951.34500000003,3470.2629998207085,200.71446944444446
220,66724.434,6311.218999999997,287.49400001144386,179.75240833333334
221,323136.58,9413.865000000049,3011.7099999465863,250.19467777777777
222,581007.374,14400.246999999974,7378.295000062935,251.2073527777778
223,263377.52,5502.987000000023,805.3690000514907,127.26463611111112
224,519883.06,18344.69099999999,5359.4489998550325,339.4259
225,445827.272,13441.610999999975,5400.27899998473,239.18803611111113
226,258826.18,7155.062000000005,3361.5580000267073,116.15087499999998
227,351769.108,12752.798999999999,5111.618000024784,242.81168333333335
228,258720.03,9798.543999999994,2.0983861759305E-8,290.2668472222222
229,425554.204,12304.819000000018,6272.201000133522,177.44111944444444
230,422777.008,11328.478999999992,7166.97900007438,126.02796388888889
231,508221.391,13187.211000000068,4156.488000339508,271.3525055555556
232,421700.554,13771.773999999976,7044.00499989892,165.0436388888889
233,1560.505,1560.505,0.0,65.02104166666668
234,503067.336,14435.589999999967,7456.622000066745,222.61851388888888
235,498209.491,15067.68299999996,6609.161000013337,258.227
236,496988.958,15604.456000000006,7540.9239998817575,216.82519166666665
237,495114.786,13136.060999999987,7125.664000331879,204.79128888888891
238,350101.478,14666.146999999997,4942.240999841688,237.0539
239,86256.427,3496.5179999999964,119.0470000381465,95.78408333333334
240,1265.928,1265.928,0.0,52.747
241,85674.736,6310.483000000007,4.7686626203358173E-8,183.096375
242,343110.427,16384.055999999982,8604.87900007057,267.66105833333336
243,86989.321,9001.016999999993,3046.9350000419618,158.8192138888889
244,343978.315,15549.89400000003,5298.283999704363,318.97622222222225
245,339466.91,22677.77899999998,4214.190000053404,420.0936694444444
246,249346.098,12686.510999999999,5882.306999910357,212.74585555555555
247,178553.848,10520.37400000001,4229.031000183102,189.1532638888889
248,335020.959,12494.413,6845.231000007632,171.27546111111113
249,335476.601,14559.284000000043,5469.290999683382,263.65383888888886
250,71622.489,4356.894,1577.3800002155294,90.56404722222223
251,261746.329,7660.886999999988,1.7357160686515272E-7,232.6202583333333
252,84076.094,4406.264999999999,-8.773713489063084E-8,139.42492777777778
253,512982.607,14086.538,119.99999994277823,373.14795555555554
254,494510.655,5524.310000000056,120.00000017736602,151.99098055555555
255,432426.738,11589.891999999993,1950.2829999504065,288.0582888888889
256,168306.687,9386.05899999998,1650.1720001945505,216.7475
257,420510.544,13811.284999999974,1363.013999917981,430.339925
258,81557.097,12225.869999999995,842.9079999923706,290.8874638888889
259,420658.937,9876.887999999977,1815.016000015261,205.78837222222222
260,422206.863,14413.907000000007,3257.507999851223,291.8919222222222
261,418235.892,10206.671999999962,3202.4210000019084,210.34651666666667
262,410324.077,7193.866999999969,987.4949998455049,166.10298888888886
263,349937.025,14303.289000000048,4355.579000112535,248.95506666666665
264,345699.551,11102.556999999972,6486.517999897002,125.65211388888886
265,78948.669,4303.616999999998,391.29099980735737,139.803925
266,332988.67,12858.658999999985,2270.708000150691,302.12669999999997
267,330438.676,11217.646999999997,1822.137000082017,316.9940722222222
268,334257.672,16739.629000000015,6663.250000057222,346.7017111111111
269,330397.071,15859.603999999992,4318.755999952322,288.7658083333333
270,83011.471,5847.044999999998,0.0,150.86371944444443
271,72291.711,3577.222999999998,0.0,101.51009166666665
272,66395.749,5089.093999999997,4.196044756099582E-8,176.6173916666667
273,329392.172,12475.34500000003,5157.338000093463,222.3546222222222
274,440425.62,16598.44199999998,9.156065061688423E-8,416.9357833333333
275,1819.999,1819.999,0.0,75.83329166666665
276,419088.202,8385.228999999992,4.9582013161852956E-8,301.52475
277,245572.179,4411.629000000015,2.4796463549137115E-8,141.41523888888887
278,413903.801,10834.939000000013,-1.3732642401009798E-7,239.97778611111113
279,1676.854,1676.854,0.0,69.86891666666666
280,269081.436,10506.113000000012,3.81478457711637E-8,246.1786666666667
281,3215.513,3215.513,0.0,133.97970833333335
282,339850.483,10879.936999999976,0.0,266.6831805555555
283,251478.45,11265.176000000036,1.4114630175754428E-7,323.7323138888889
284,69587.962,3616.248999999996,158.33100017165998,118.54619166666669
285,242641.289,6682.568999999989,609.60800011635,170.11708333333334
286,239709.728,10941.584000000003,-1.7357160686515272E-7,300.32112777777775
287,63396.853,2534.366000000002,658.5190001602168,72.76258055555556
288,319330.718,11629.277000000002,2776.1180000782015,235.83550555555556
289,89123.478,4244.3139999999985,-5.912443157285452E-8,128.79348888888887
290,521325.474,21854.07500000001,1761.1769999580501,506.4894277777778
291,514932.192,9201.736999999965,1099.862999996185,193.22789999999998
292,510921.237,13237.560000000056,2395.602000211722,323.4227833333333
293,78896.649,6040.076000000001,1819.5480000286116,167.259925
294,78674.284,8508.990999999995,2262.4689999847396,211.6180277777778
295,500328.331,13215.458000000042,1964.826000020992,332.00398611111115
296,236432.556,13724.271000000008,3716.23900018692,299.04272222222227
297,430039.77,5907.387000000046,1681.72300016784,139.93921111111112
298,88097.811,5295.721000000005,-4.5776687329635024E-8,162.0918027777778
299,1051.24,1051.24,0.0,43.80166666666667
300,83434.362,7245.478999999992,2.4796463549137115E-8,238.26809166666666
301,410745.581,15594.418000000005,1003.5619996986388,444.27973333333335
302,85467.512,7205.679000000004,774.8369997978225,186.88191666666665
303,338440.054,12797.255999999994,7205.07299993324,164.19504166666667
304,336077.669,13717.712999999989,5288.25899988556,258.8552916666667
305,334941.99,13276.604999999981,6772.819000064852,184.2366
306,74820.377,6181.013999999996,1555.6480000972733,150.88653055555554
307,337541.228,18036.446999999986,5765.452999969486,278.7716277777778
308,326265.975,12693.119999999995,3632.8890000381325,276.4245444444445
309,327112.996,11427.070999999996,5536.778000001912,180.00744444444442
310,497475.881,15743.247000000032,4420.460000015257,336.81316944444444
311,326812.137,9700.774999999965,3924.0269999675747,164.52808888888887
312,426695.084,13728.594999999972,6265.091999780648,201.66276944444442
313,506830.137,11421.853999999934,2201.676999771109,279.6367027777778
314,432265.154,15220.284999999974,1816.3029998931743,270.3301722222222
315,244255.102,4176.928000000014,-1.525040715932846E-8,131.95940555555555
316,342600.239,12865.10500000004,968.5209998970095,280.1846
317,409177.964,16379.821999999986,973.1570001506698,397.41918611111106
318,408723.785,11310.717000000004,5868.055999851218,141.3387611111111
319,406146.609,15149.636999999988,5227.680999824537,277.48185555555557
320,230614.408,3814.407999999996,0.0,158.93366666666665
321,342930.638,6798.095999999961,2293.3429997119893,123.73428611111112
322,337966.605,7497.347000000009,1.525913830846548E-7,191.82105555555557
323,323160.738,17326.238000000012,-1.6784815670689568E-7,407.91255555555557
324,322058.043,11838.52999999997,3972.245000047682,235.92640277777775
325,152857.966,10410.57799999998,2.860906533896923E-8,282.67837777777777
326,2768.288,2768.288,0.0,115.34533333333334
327,511454.011,12639.94200000004,4963.2089998149895,221.47560833333333
328,82335.112,10620.136999999988,3468.2490000762955,230.60407500000002
329,177451.009,13168.608999999968,5004.46699970436,278.8575472222223
330,507105.191,10126.673999999999,-1.1443626135587692E-7,277.77243055555556
331,261980.384,10936.801000000007,511.2590000953678,289.3541416666667
332,254512.733,16637.324000000022,5869.171999893188,296.7869166666667
333,240705.024,20203.578999999998,1980.1199999122618,486.0147277777778
334,433263.0,12995.063000000024,812.761999872193,414.43392777777774
335,429908.023,8694.119999999995,3376.3219999218127,175.60796666666667
336,430725.335,15734.895000000077,8719.887000043876,241.27522499999998
337,87634.858,4722.630999999994,0.0,195.10368888888888
338,1334.208,1334.208,0.0,55.592000000000006
339,421056.3,10153.129999999946,1829.0350001239694,212.36987499999998
340,425046.498,12789.978000000003,6594.231000205988,182.93287222222224
341,173814.411,9019.924999999988,218.252000082015,276.0152083333333
342,415746.61,5711.510000000009,949.6099999275084,151.97809444444442
343,421328.147,16032.440000000002,9103.39000015259,208.8843722222222
344,416632.077,14424.360999999975,4439.235999746324,173.93544722222222
345,412995.802,14893.113000000012,4452.83199967003,271.2707611111111
346,408508.031,9295.149000000034,4031.7279999370585,163.04721944444444
347,355499.78,16390.901000000013,9921.579000432961,174.82354166666664
348,355736.29,17879.93400000001,11285.600999753951,205.52905
349,342742.024,15722.478000000003,932.6670000801168,376.05460833333336
350,343673.679,13861.79700000002,7308.9539998760165,191.91162777777777
351,345832.344,14478.309000000008,9609.15900009346,130.1584638888889
352,329803.836,21551.55900000001,10047.474000061036,268.8157972222222
353,262262.62,7728.203999999998,70.39099975966383,226.66959166666666
354,258387.982,3364.7690000000002,-1.335865817964077E-8,100.72395
355,257972.17,3734.5470000000205,-8.774804882705212E-8,127.31431388888888
356,430734.316,14687.003999999957,377.4710000114583,318.49274722222225
357,426542.765,14112.562000000034,1793.2829999485039,313.6011861111112
358,507763.392,11891.79700000002,615.0590003643083,252.1939277777778
359,499473.679,8139.918999999994,2632.8240001335034,165.00888055555552
360,500443.575,10972.654000000039,3697.495000047671,192.901875
361,239434.254,5608.148999999976,919.3239998283389,159.01125555555555
362,579424.655,9168.599000000046,8.201459422707558E-8,255.48295555555555
363,91758.966,9236.009000000005,-3.051536623388529E-8,304.51210833333334
364,171763.476,6965.69200000001,1341.5269998817444,153.44305555555556
365,67543.001,3533.148000000001,-3.051900421269238E-8,132.1720222222222
366,325183.051,12467.780999999959,4292.949999742508,230.86199444444446
367,245138.06,7200.577000000019,737.399000043868,154.92739166666667
368,581935.122,10950.45299999998,973.0780001011008,283.7199861111111
369,63049.416,4631.803999999996,105.22099995040844,122.92933888888888
370,321082.483,8920.291000000027,1421.2800002460444,201.26487777777777
371,259070.188,7720.0899999999965,1805.5430000667548,149.5891611111111
372,518266.67,8198.67399999994,945.069999834057,186.9327361111111
373,4709.591,4709.591,0.0,196.23295833333333
374,240681.896,12425.17300000001,3611.993999889374,283.11676666666665
375,243613.343,11999.915999999997,4652.150000219344,192.3570222222222
376,209.831,209.831,0.0,8.742958333333332
377,65656.764,7363.536999999997,129.7520001163466,223.19564166666666
378,333.807,333.807,0.0,13.908625
379,437499.789,11560.22100000002,4965.826000080113,211.03829444444446
380,436149.18,11825.391999999993,5201.395999959956,229.84715833333337
381,429375.709,9778.768999999971,3616.0879998168966,167.6473111111111
382,84574.844,5151.849999999991,700.3469998836517,134.8112972222222
383,429989.556,15662.496999999974,7601.265999954233,236.54617222222222
384,424602.334,7634.40399999998,2940.355999841704,136.40024722222222
385,424693.884,10376.588000000047,3447.151000032438,212.8195
386,421855.775,10836.320999999996,4772.054999958025,180.56265833333333
387,424272.813,17396.75199999998,8385.11400002861,255.8042222222222
388,416467.193,14120.157999999996,5608.326999921785,270.37076666666667
389,421294.614,23309.85499999998,5811.88899999428,355.5434416666667
390,416500.634,14777.493000000017,9042.890000457759,145.9265
391,419359.325,18841.245999999985,13563.869000410079,162.18084444444446
392,357055.414,18052.049,11212.041000000005,203.8269333333333
393,358309.543,17740.156000000017,12622.647000043868,152.86490833333335
394,2491.169,2491.169,0.0,103.79870833333332
395,84360.016,3246.5869999999995,1.106272975448519E-7,100.80443611111112
396,355532.899,21169.771000000008,12629.98100015831,182.72161944444446
397,924.431,924.431,0.0,38.51795833333333
398,351783.953,22009.243000000017,6582.248999830244,371.9985166666667
399,345973.915,18590.771000000008,11999.838999872203,177.17965833333332
400,504082.747,13670.858000000007,1327.0790001144414,378.11782777777773
401,334734.686,12348.418000000005,5974.609000055323,207.90370000000001
402,492317.512,6508.1479999999865,1326.643999952319,186.93706388888893
403,439493.094,9442.02999999997,1833.2249998645857,230.08357777777783
404,362517.092,7660.9619999999995,962.6430001030094,187.8594138888889
405,508702.979,11789.805999999982,2409.200000028617,283.0870972222222
406,249183.174,11437.486000000004,1381.2369999217917,399.1419138888889
407,413425.14,7077.881999999983,1283.2480002117227,165.70663055555553
408,244138.848,12488.87400000001,1926.2320001430635,396.46330277777787
409,492883.294,10544.760999999999,2765.4519998054475,293.7920222222222
410,260279.667,13682.418999999965,653.3810000629419,448.07443333333333
411,87832.976,4964.315000000002,388.3070001487722,157.30165555555558
412,85575.646,10011.063999999998,256.4059998989105,356.77825000000007
413,343457.234,10421.117000000027,4382.547999830247,148.89352222222226
414,251079.144,10928.38400000002,6.103800842538476E-8,305.4287361111111
415,245868.726,6646.654999999999,1904.2369999961884,158.29227222222224
416,331855.16,5780.453999999969,94.01999987983436,191.7276277777778
417,79164.972,2640.1959999999963,0.0,108.66291111111113
418,329912.906,9926.541000000027,1884.3860000915556,243.250575
419,324397.246,18350.962,11349.9390000782,249.66254166666664
420,259935.077,12546.890000000014,2794.191999963761,257.6043111111111
421,265166.93,19677.58799999999,3556.8120001430507,414.4488472222222
422,513607.805,11900.198000000033,4280.8579999599315,188.1587888888889
423,512099.108,12354.23999999999,7732.294000118269,135.21953333333335
424,77470.197,2439.243000000002,1.1253359843976796E-7,82.73343333333334
425,253493.867,18172.150999999983,5420.301000436783,327.89299166666666
426,252320.803,16188.639000000025,8694.227999841689,215.54319444444445
427,508294.063,13296.152000000002,6482.924999908433,177.29627222222217
428,505454.05,8043.494999999995,2167.1190002670337,165.7655138888889
429,85464.294,13040.471999999994,1391.9690001010895,348.9878722222222
430,76703.117,12351.311999999998,2692.9680001735687,349.61411666666663
431,502157.039,12247.527000000002,4398.053999979013,228.92487222222226
432,822.838,822.838,0.0,34.28491666666667
433,500338.095,16785.969999999972,4363.24900014497,306.1344361111111
434,233692.513,11527.795000000013,4630.412000106808,200.618175
435,191529.045,10610.564000000013,2365.6990002193415,230.88241944444445
436,437328.953,14422.326000000001,8993.558999988549,140.45459166666666
437,433334.157,14355.54700000002,5381.375000318512,291.8347944444444
438,433077.496,15562.408999999985,7518.3869998111695,235.03180277777776
439,1120.443,1120.443,0.0,46.685125000000006
440,429992.686,16698.40399999998,8980.194000305171,262.31759999999997
441,81913.578,10781.494999999995,2456.8519998817446,263.5297527777778
442,74385.942,4916.872999999992,1913.015000015257,104.55471111111112
443,418545.107,15321.235000000044,3068.0879996471267,324.6859916666666
444,419478.172,14520.690000000002,6589.5600000534105,233.22208055555555
445,419452.959,10902.33799999993,4950.072999942786,180.8436055555556
446,421764.411,20495.47200000001,11628.008999849317,258.0441166666667
447,413663.855,13309.434999999998,5368.105000095369,264.0013888888888
448,152661.076,3239.945000000007,-3.433524398133159E-8,111.37866666666666
449,349495.875,10246.300999999978,3592.0179998607564,170.66621666666668
450,81232.932,3825.8849999999948,438.1170001468672,108.75770277777778
451,348442.624,18656.815000000002,8451.49999988556,243.35384999999997
452,338728.405,18209.06599999999,7581.785000030519,274.18653333333333
453,337581.936,12190.56799999997,5891.032000040053,155.92063055555556
454,155.537,155.537,0.0,6.480708333333333
455,499233.227,13775.655000000028,3438.6639999656763,259.3361638888889
456,260485.055,2901.438999999984,-8.963979780673981E-8,96.01250277777777
457,431941.785,14265.455000000016,4790.612999818797,318.7821138888889
458,527421.756,11933.805000000051,3361.108999917982,204.41126944444443
459,432325.929,12294.334000000032,6057.041999982845,196.63943333333336
460,515295.28,14956.411000000022,5553.74999998093,311.07335555555557
461,254305.036,3282.1820000000007,506.1080001335067,95.70633333333333
462,516083.704,16993.867000000027,8543.938000297538,227.97121944444447
463,425422.931,11949.505000000005,7139.316000072491,186.5022916666667
464,423415.997,17516.074999999953,642.4269999733096,507.3062666666667
465,512741.224,16696.77999999997,6526.145999940876,308.68010000000004
466,247544.018,7319.9800000000105,1269.9399999904563,192.96591666666666
467,499177.486,13105.511999999988,5553.619000148774,213.40298333333337
468,495957.968,18524.363000000012,7853.8770002098045,302.9393416666667
469,321846.904,8575.91399999999,657.0190000610382,252.45029722222222
470,347292.258,10218.978999999992,3678.391999944686,206.54466944444445
471,349047.498,11110.670000000042,3459.5209998416904,208.09638055555553
472,350315.45,16915.694000000018,5334.486999883651,271.6771416666666
473,258709.696,7718.891000000003,3535.8129997768447,131.90508055555554
474,344415.323,10709.260999999999,2627.0700000782035,197.58595833333337
475,338824.793,9137.005000000005,4658.747000099182,137.87935555555555
476,324407.363,12617.981000000029,917.4729999656702,370.71500555555565
477,580188.784,7464.3279999999795,3142.1640001926426,121.91029444444445
478,520231.901,9066.545999999973,120.00000009727955,246.67124166666665
479,257113.802,15251.279999999999,3643.7559999980917,387.4952527777778
480,78715.545,7222.551999999996,9.155337465927005E-8,207.71250833333332
481,245790.11,13634.736999999965,263.7810001449616,397.1532222222222
482,505078.692,9551.203999999969,1305.617000316619,205.8149888888889
483,68568.108,8663.633999999991,74.9479999008181,215.15737222222225
484,431691.366,13366.503999999957,4203.68900022317,259.3542611111111
485,435556.673,14012.142999999982,3462.169000005717,249.09223888888891
486,428785.143,7312.324999999953,473.20399997328605,183.23516388888888
487,1379.861,1379.861,0.0,57.49420833333334
488,83052.889,4009.080999999991,-3.81478457711637E-8,137.90270555555557
489,79316.744,7320.6830000000045,-7.24794517736882E-8,276.4733388888889
490,426746.181,12160.331999999995,4820.408000154501,225.68770833333335
491,419870.223,5771.087999999989,2934.5279999713894,89.00858888888891
492,416413.298,15607.276000000013,6548.905000062949,246.90380833333336
493,409782.089,13016.504999999946,873.3880000400677,307.27583888888887
494,348074.066,20435.319000000018,4028.4350004882726,597.797913888889
495,347025.55,14358.842000000004,7317.471000057216,212.38348333333334
496,350117.883,22882.282999999996,5998.116000009533,381.61299444444444
497,349434.707,20706.159999999974,9386.623000104904,217.11893055555555
498,341596.054,19250.820000000007,6994.377000259399,334.60132222222217
499,339201.666,14051.80700000003,8242.258000003818,162.38927222222222
500,328966.906,14325.222000000009,8889.522999591829,190.7008138888889
501,493946.713,18927.315000000002,5743.845999958045,389.78914444444445
502,260966.398,9171.002999999997,1691.989000198373,301.4210888888889
503,439224.828,13545.46100000001,6677.929999721528,155.33773611111113
504,514072.995,14667.123000000021,4375.62600028992,292.7206555555556
505,513810.63,20428.27799999999,6489.730000185015,475.0685722222222
506,354733.708,14180.655000000028,7725.909000150685,237.95140833333335
507,430042.163,13129.59500000003,7145.733999938966,155.9783694444444
508,503412.937,16085.76999999996,7391.505000261315,220.5347527777778
509,416333.543,14274.72000000003,2435.5359999256034,293.2799166666667
510,243969.818,4097.627000000008,-6.676418706774712E-8,147.19352777777777
511,417196.629,16493.847999999998,6665.563000068665,282.1789638888889
512,247026.705,8696.818999999989,2530.1099998321442,185.953675
513,415885.595,21106.43400000001,8601.61700008774,388.97071944444446
514,503533.665,21801.79099999997,4492.638999876013,403.01328333333333
515,324551.36,8026.94299999997,9.536597644910216E-8,211.8139638888889
516,341351.229,7466.683000000019,611.5339999141688,190.3967194444445
517,87464.334,5185.6860000000015,0.0,177.49577499999998
518,332392.394,5686.35699999996,-8.011193131096661E-8,166.18259444444445
519,73008.358,3717.400999999998,3.81478457711637E-8,128.01301388888888
520,240203.394,10349.76999999999,-4.768298822455108E-8,285.62353055555553
521,327161.628,9197.770000000019,1122.1250000038162,219.26845000000003
522,65023.476,4782.805,4.768367034557741E-8,153.9626
523,258.748,258.748,0.0,10.781166666666666
524,84682.933,5182.842000000004,6.675691111013293E-8,181.7722361111111
525,183718.336,8095.934999999998,588.2700000362402,260.7123388888889
526,510874.0,9911.108999999939,10.418999830231769,272.34766666666667
527,251396.512,5855.661999999982,-4.768298822455108E-8,139.5948
528,78755.202,4969.6310000000085,933.1150000915527,129.12686944444442
529,72953.107,2794.8770000000077,-1.1445081327110529E-8,105.03156944444444
530,496386.459,3760.74099999998,0.0,119.79629444444444
531,496583.786,9216.821999999986,-1.1634983820840716E-7,226.36718055555554
532,149530.295,4580.229000000021,-5.912443157285452E-8,162.50120555555557
533,497102.714,8771.518999999971,1171.5170000629405,192.367475
534,76214.176,7053.6310000000085,0.0,178.50092222222221
535,434603.562,7696.972000000009,1663.4440001297116,161.6709222222222
536,85020.969,2570.322,5.3405528888106346E-8,82.36668611111111
537,431421.328,8376.129000000015,4053.3749999008214,131.75728888888887
538,431041.076,13886.399999999965,5643.864999893194,250.481875
539,1466.994,1466.994,0.0,61.12474999999999
540,72030.709,5024.986000000004,0.0,162.5967222222222
541,410101.675,16906.494999999995,9533.027999732964,198.31905833333332
542,98142.42,12938.111999999994,5066.266000032425,195.47161111111112
543,90237.531,11872.282999999996,3640.4349999103542,259.51529166666666
544,343354.377,19194.47199999995,8590.89199979591,391.95570833333335
545,346585.778,13064.651000000013,9650.11300009537,108.59135555555555
546,339112.194,16328.705000000016,9806.377999690998,164.5108388888889
547,83212.481,11836.763999999996,1.1062365956604481E-7,296.0456666666667
548,340121.339,19722.51899999997,10777.37900023079,252.59230277777777
549,333567.485,19907.425999999978,10236.86000024795,281.67603333333335
550,331432.95,16299.411000000022,8094.77199973297,267.1043305555556
551,335522.993,23469.332000000053,7852.111999874116,391.34445555555556
552,332830.741,21722.200999999943,13455.837000080111,216.56349444444444
553,72182.944,9515.966,4202.440000102997,141.3456638888889
554,331103.413,10299.792000000016,6116.093999624252,117.70304722222224
555,520420.696,9321.222999999998,3878.2450000018944,148.2619777777778
556,447907.879,6609.593999999983,298.16100004388136,177.8671861111111
557,509949.477,11595.166999999958,1566.8090000496013,229.54966111111108
558,1105.034,1105.034,0.0,46.043083333333335
559,4273.803,4273.803,0.0,178.07512499999999
560,411725.3,7720.843999999983,2407.134999944683,150.34559444444443
561,343026.612,17155.688000000024,1.0107760317623615E-7,467.5676
562,496926.73,10817.039999999979,2255.8860001659414,236.57816388888892
563,408966.557,9641.361999999965,2976.224000364305,213.22339722222222
564,579022.502,4732.201999999932,728.9099999752034,118.93122500000001
565,496329.813,16507.542000000074,3305.28400009918,407.4527194444445
566,89000.249,4174.690000000002,4.196044756099582E-8,145.55151666666666
567,89941.081,6925.748000000007,44.253000139236974,233.13204722222224
568,88426.183,10863.869000000006,606.1889999713894,285.07179722222224
569,268180.665,11410.998999999982,4.196044756099582E-8,409.3161861111111
570,251470.293,6498.247999999992,1291.9679999351501,121.69419166666665
571,86426.544,3934.648000000001,0.0,138.00709166666667
572,245282.52,11459.882999999973,1943.0609999446897,304.78999444444446
573,519989.72,12466.033999999985,302.0900001220798,315.316175
574,259507.378,3318.3469999999797,329.9839999656688,88.329575
575,86641.993,2397.0139999999956,550.4570001068114,52.29026388888889
576,249704.529,8568.117000000027,231.16099991607916,226.41906944444446
577,509273.944,24476.163,3719.7870003299613,739.6601722222223
578,172560.027,9798.76000000001,98.21400004196039,347.05229444444444
579,260158.025,13383.572000000015,0.0,326.9787888888889
580,241240.66,11312.79800000001,1675.3520000267026,332.77750833333334
581,503494.421,24784.363000000012,5907.115000200283,622.2776027777778
582,238138.483,9199.765000000014,497.8069999694817,252.1414
583,434471.795,18324.552999999956,1843.3469999752124,440.91706666666664
584,437653.303,15047.646000000008,10536.106000291824,137.84067222222225
585,432646.081,8283.956000000006,3675.6149997119865,121.4816111111111
586,427515.98,5027.070999999996,2012.9819998893727,120.96114444444447
587,423331.217,12276.08600000001,7149.87999964715,166.85455277777777
588,74847.043,5952.463000000003,1287.0809998207114,146.12810833333333
589,415918.834,7650.462999999989,3070.0819996643113,145.52364999999998
590,412660.562,15763.101999999955,2219.894999910368,425.4902083333333
591,419341.699,25302.424,12662.568999799725,485.3146861111112
592,411110.809,14061.180999999982,7396.249000078198,202.60555833333336
593,412835.317,15726.852000000014,8288.287999832153,221.41521944444446
594,355390.453,18488.476999999955,10023.287999862674,282.41677222222216
595,355967.148,20374.253999999957,9398.692999856947,331.24019444444446
596,352553.899,15777.755999999994,9276.929999622342,165.70274722222217
597,85345.891,11478.868000000002,-8.964707376435399E-8,403.6239527777778
598,339219.766,11815.426000000036,4079.368000219356,223.29796111111108
599,336265.974,9099.830000000016,4513.596999721519,153.48789722222227
600,338010.563,16042.150000000023,10630.864000154495,148.29214444444446
601,329361.586,15353.042000000016,9085.74700008964,186.64394444444446
602,325950.975,11802.188999999955,6948.342999956127,126.11575
603,399.279,399.279,0.0,16.636625
604,260333.426,6487.315000000002,-7.057678885757923E-8,174.43365833333334
605,429212.787,7570.775000000023,2831.0849999160773,127.30486388888887
606,515194.656,12087.05600000004,3396.5530000972867,299.9189694444445
607,429049.152,9889.875,609.4320001850247,210.22805277777778
608,516442.706,10347.303000000014,3596.0789999694825,185.48094722222223
609,505450.77,7568.1570000000065,1406.6639999179824,182.46407222222217
610,505995.951,14456.413,3440.5510002326846,371.312025
611,494725.69,11163.228999999992,3845.155000062957,190.65504444444443
612,493906.193,10283.47100000002,1261.5980001564058,243.19921388888886
613,345491.212,9667.265000000014,3757.96400016213,194.9097222222222
614,277895.953,11868.233999999997,4407.262999979019,202.5858777777778
615,90168.463,7790.809000000008,2383.1490000705708,151.94447777777776
616,176854.988,12496.46100000001,2460.5980000476848,244.30259444444445
617,267302.925,8283.889999999985,1969.4640000915533,168.45497222222224
618,245683.8,9374.168000000005,2887.489000177382,163.83144722222224
619,327033.892,6205.006999999983,108.27999981689572,167.97138055555553
620,241745.974,12710.206999999995,3739.7069998931893,239.14211666666665
621,322685.167,9990.781000000017,3158.3739999427817,212.17141944444444
622,93072.526,9989.247000000003,0.0,276.2713861111111
623,84424.12,4476.284,-3.81478457711637E-8,152.77240277777778
624,75649.211,6248.010999999999,1.9063008949160576E-9,238.37824166666667
625,508262.169,10305.511999999988,729.5199999809265,208.73576666666665
626,3883.742,3883.742,0.0,161.82258333333334
627,433630.316,18107.972999999998,5376.99599991035,342.3236638888889
628,432716.883,16375.695999999996,6860.590000089647,250.46384166666667
629,80780.145,4182.305999999997,-9.538780432194471E-9,155.4770305555556
630,87552.222,13672.203999999998,-1.1252996046096087E-7,359.67284166666667
631,84658.802,3743.7629999999917,579.5019998550415,100.44322222222223
632,420366.641,7425.879000000015,349.7860001049121,191.21553333333335
633,418735.246,9954.580999999947,4451.76799982071,152.30896111111113
634,419439.421,16668.995999999926,5768.93400000954,374.51229166666667
635,416531.511,17193.49900000001,11094.235000057219,185.11456388888888
636,408811.132,12722.696999999986,2540.4540000114357,292.4022722222222
637,413855.666,13208.872000000032,7669.543999881746,159.86121666666668
638,352323.727,16220.81600000005,9668.473000225065,194.82188055555554
639,342117.509,15592.325000000012,4204.04400020219,351.88820277777774
640,338930.794,9783.459999999963,3714.0210000038132,172.59942222222222
641,342060.061,16347.46100000001,10678.964000087739,163.77663888888887
642,337938.139,19658.130999999994,5582.099000049591,320.52122499999996
643,340748.865,18837.12599999999,9293.92899990845,209.60560277777776
644,333872.868,13594.194000000018,4050.025000200272,246.2249611111111
645,330797.036,10467.166000000027,2132.0559999923644,250.25813055555557
646,333432.24,13812.071999999986,9722.221999954221,115.7932888888889
647,783.661,783.661,0.0,32.652541666666664
648,85473.234,5680.126000000004,0.0,222.71483888888886
649,65534.958,3076.8280000000013,373.5309998989105,98.03997222222222
650,521282.394,10842.008999999962,3565.7180001678607,207.17807777777776
651,256750.576,4437.323000000004,3.0529918149113655E-8,116.53707222222222
652,258528.563,9116.856999999989,9.537325240671635E-8,276.43442500000003
653,502512.046,12053.292999999947,988.4200001258941,247.2166
654,581533.573,11133.130000000005,3125.945000013351,282.668525
655,495403.778,10896.012999999977,2131.613999975205,278.4638083333334
656,238330.84,6379.579999999987,1.7171259969472885E-8,161.46997222222222
657,495581.164,16216.5,4042.111999900818,305.78368888888883
658,257165.681,8711.969000000012,2.212545950897038E-7,202.96456388888888
659,338892.862,9155.857000000018,8.201868695323355E-8,295.5137861111111
660,254796.575,12646.828000000038,4970.3450000019075,217.6891583333333
661,250665.468,9087.460999999981,3271.0300000762936,187.654425
662,584028.889,12843.358999999939,1501.3880000343343,370.2456111111111
663,72190.932,7058.548999999999,0.0,202.60309999999998
664,515623.525,11691.42200000002,6.676418706774712E-8,274.7430722222222
665,515028.799,6390.805999999982,-7.632479537278414E-9,178.36904166666665
666,71144.871,2405.178,4.196226655039936E-8,85.142675
667,253818.92,7613.055000000022,0.0,203.75033611111115
668,427507.949,9780.529000000039,2170.201999891273,204.18079722222217
669,426110.658,6491.412000000011,1667.4100000362341,154.00370277777782
670,79822.455,5818.455000000002,0.0,187.04059166666667
671,173004.489,7115.18299999999,0.0,195.85810833333335
672,347058.965,15847.784000000043,5281.853999933242,275.5291722222222
673,347304.714,7021.172999999952,3137.225000051498,121.52583333333332
674,83813.501,8132.494000000006,2930.710000076294,175.61645833333333
675,338068.582,9910.198999999964,2990.8359999046233,199.65449444444442
676,80047.247,5763.505000000005,-6.485061021521688E-8,152.94693333333333
677,89051.461,9182.523000000001,0.0,243.23253055555557
678,334594.83,10881.281000000017,2205.614999988553,232.60056388888887
679,322936.425,6800.254999999946,-7.820199243724346E-8,217.18538055555555
680,327449.795,17507.127999999968,3132.0020001068115,295.90367222222216
681,321927.591,7878.202000000048,7.438939064741135E-8,238.76869444444444
682,516086.517,12313.630000000005,-1.6785634215921164E-7,312.3191222222223
683,249052.012,4719.944999999978,149.04600006295368,164.26384722222224
684,505515.776,6857.699000000022,1150.4820002117285,122.00931388888888
685,347414.671,13342.821999999986,7655.157999818799,168.43635555555556
686,338937.393,8655.503999999957,4680.512000040053,122.81176111111111
687,81413.552,3735.3669999999984,3.623790689744055E-8,105.19495833333333
688,338612.465,10352.27700000006,1479.422999866485,220.7398916666667
689,1236.715,1236.715,0.0,51.52979166666667
690,84585.455,7753.669999999998,1015.4119999561317,166.23051944444447
691,249699.816,14437.956000000006,2599.0529999217997,376.3912027777778
692,4341.381,4341.381,0.0,180.890875
693,334243.706,14459.366000000038,654.9150000762966,435.03183888888884
694,240848.384,12893.773999999976,5398.132999795913,213.807225
695,243382.829,12601.091000000015,3919.139000007629,230.09699999999998
696,329199.071,12988.75,6375.1390000972715,187.09484166666664
697,579589.738,11395.162000000011,3131.0600000133563,222.65872777777776
698,261559.619,10793.296999999991,5208.679999721528,156.23196388888888
699,267580.202,23105.625,12527.273999900819,300.97676111111105
700,83694.13,6368.381999999998,4.577304935082793E-8,177.47202777777778
701,513685.648,13142.712,3425.294000230788,305.33776666666665
702,80347.076,12548.577000000005,4395.848000049591,265.6644027777778
703,504888.57,11447.918000000005,5487.683000209818,172.19207222222224
704,73096.399,3938.097000000009,-1.3351382222026587E-8,125.26025833333333
705,503690.502,10994.361000000034,5243.809000164041,179.90668888888888
706,252241.447,22321.551999999996,8031.05800024414,394.71016388888887
707,244726.864,12844.132000000012,4463.871000068667,219.0547361111111
708,253374.871,19253.842000000033,2986.9820000438704,384.0315416666667
709,239906.362,15669.063999999984,7533.439000289916,207.53008055555554
710,424727.267,11500.337,1975.2739997501449,245.41242499999998
711,422504.311,7515.429999999993,1725.4699999351433,186.50455
712,420222.233,9095.754000000015,3054.827000122081,135.70522222222223
713,414424.788,9292.527999999991,1189.943999893174,199.89005277777778
714,411658.076,6675.195999999996,355.0280000190778,182.93754722222224
715,410756.618,7683.600000000035,1385.7730000286247,193.6997361111111
716,68280.649,9552.759000000005,80.57299995422363,290.60538055555554
717,354706.532,15684.12599999999,6981.572999948501,243.77476944444447
718,84480.683,4594.743000000002,3.4331606002524495E-8,145.65351111111113
719,348088.765,23394.11499999999,3630.8469997634893,475.49185277777775
720,503136.213,8109.043000000005,-7.275957614183426E-12,216.85753055555554
721,334451.657,16055.907000000007,5792.158999853127,276.03577777777775
722,331184.934,14357.295000000042,5117.019999877928,308.8803388888889
723,335911.565,7146.948000000033,0.0,165.6442888888889
724,495142.346,17641.77899999998,3116.700000040046,380.1664555555555
725,431254.56,12794.718999999983,2259.936000049587,319.07705555555566
726,430151.428,13005.389000000025,5655.543999956117,218.43641944444445
727,425270.796,10712.02099999995,6809.080000184998,129.42280277777778
728,251461.055,7068.497999999992,1292.8390000343206,189.77481944444443
729,508488.208,15874.087999999989,8256.248000043866,236.6336388888889
730,247563.785,7140.146000000008,1036.8800000038173,228.36483888888893
731,421066.764,16847.467000000004,6520.692999843584,275.51736944444445
732,238705.559,3354.2339999999967,214.02700005529914,104.7515277777778
733,420425.17,13078.242999999959,5365.651999975205,222.23645
734,242809.755,11110.668999999994,4455.200000028621,173.90247777777776
735,416957.182,15353.119999999937,6003.658999975218,231.75631388888888
736,495894.732,11935.103000000003,4033.4300003375974,179.23069999999998
737,86652.637,8428.631999999998,73.2249999561318,322.8449805555556
738,185129.415,8555.568999999989,2716.592000089644,143.07092777777777
739,258544.836,12118.233000000007,4859.524999778747,220.91879999999998
740,253806.48,8537.812000000005,2296.245999904633,185.7499861111111
741,81750.856,10650.421000000002,-6.485061021521688E-8,318.2106972222222
742,87253.588,5677.335000000006,0.0,164.52479444444444
743,241072.697,10894.955999999976,3719.8329999046327,189.08434722222222
744,68988.526,7529.4389999999985,777.5020000839249,220.77619999999996
745,155801.972,12735.342000000004,1.1443989933468401E-7,450.9418555555556
746,70107.465,7432.725999999995,1450.506000062942,168.0708611111111
747,240232.325,11520.428000000014,2987.1419997043595,220.50910555555555
748,322651.439,5740.449000000022,5.3405528888106346E-8,181.69903611111113
749,234389.181,9242.38500000001,4251.695999906537,156.53319722222227
750,88152.041,3799.476999999999,-9.727409633342177E-8,104.61677777777777
751,518727.496,9044.587,626.1609999732864,278.1503416666667
752,78203.173,7341.702999999994,771.1120000362398,225.9292166666667
753,247081.342,9706.209000000003,4.005414666607976E-8,234.83845833333334
754,500332.931,27189.79099999997,59.999999925617885,655.0216583333333
755,499897.079,11948.270000000019,650.2900002212555,352.2343388888888
756,148617.357,4742.630999999994,-2.2890162654221058E-8,160.43767777777776
757,435804.192,17668.18299999996,4720.3639999084535,329.4162222222222
758,425334.965,12546.477000000014,4389.503999971392,259.10084166666667
759,144.427,144.427,0.0,6.017791666666667
760,72862.468,3606.8619999999937,779.4030000705752,110.25569999999999
761,167857.333,8154.049000000028,8.582719601690769E-8,242.99467222222222
762,408880.753,5581.278000000049,1581.8580001449445,127.10530000000001
763,1183.82,1183.82,0.0,49.325833333333335
764,91071.379,9636.421000000002,932.9040000839232,255.50898055555552
765,343970.714,10381.208999999973,864.8900001545007,276.6741805555555
766,338486.783,10257.610999999975,4492.066999858856,174.05819444444444
767,74313.506,4118.819999999992,9.155337465927005E-8,132.29146111111112
768,79030.997,2609.5610000000015,0.0,83.99728611111112
769,334884.51,21632.660000000033,1158.94499991036,543.2154944444445
770,334070.01,11193.934000000008,4450.196000162126,169.67910555555557
771,76556.111,6670.301000000007,0.0,237.32909999999995
772,70116.693,6257.6860000000015,919.3610001544948,160.7457638888889
773,324747.971,8853.45299999998,739.9250000934699,310.4822166666667
774,578500.324,12417.753000000026,3237.979999654781,301.81305555555554
775,318820.408,3919.1359999999986,-5.148467607796192E-8,142.5014388888889
776,428943.705,10989.476000000024,3427.8250000877233,225.32849166666668
777,244555.516,4026.7609999999986,331.8359999675886,127.11939444444445
778,250182.404,12754.926999999996,4053.9930000820023,315.8682166666667
779,250957.555,14738.571999999986,4705.362999914156,314.52316388888886
780,343616.215,14620.55600000004,2288.3640000266896,300.59551388888895
781,497684.259,12059.31699999998,3113.8809999485093,204.49938055555552
782,410646.063,11107.075000000012,4976.215000160224,166.41661944444442
783,325675.796,11628.516999999993,965.2919997978206,388.0696277777778
784,1026.26,1026.26,0.0,42.76083333333333
785,408265.415,10520.725000000035,4781.04099963187,159.6790361111111
786,498886.626,18261.81599999999,6365.673000438692,353.74615277777775
787,239516.268,8897.508000000002,218.96600003432832,222.80648611111113
788,347477.133,7077.821999999927,1999.7839998607596,138.04158611111112
789,263932.055,13818.881999999983,7406.7890002117165,204.44999166666665
790,93833.348,18880.812999999995,1392.804000007629,589.1428249999999
791,269387.726,7054.708000000042,1173.1970005130788,154.69922777777776
792,344302.76,15236.126999999979,2341.2139998512284,281.49012500000003
793,253983.244,11308.863000000012,1540.043999801641,216.804825
794,660.662,660.662,0.0,27.527583333333332
795,79663.712,9154.554999999993,861.7550001144409,232.9131861111111
796,69259.679,8053.851000000002,1014.4149999046331,188.06213888888888
797,323495.762,7484.994999999995,2552.3800002193457,115.79176388888888
798,269818.4,9495.300000000047,1325.0109999313354,163.6403083333333
799,84355.716,5163.235000000001,1270.6289998989105,112.69205833333332
800,512903.855,8475.214999999967,2302.1600000877443,183.2290416666667
801,511440.241,12529.032999999996,1344.1960002002743,315.52248611111116
802,509411.271,7804.204000000027,3025.0070000972682,120.89237777777778
803,510177.993,9974.378000000026,1926.1549998779337,240.05411944444444
804,245719.33,13391.019,6711.12599986267,217.10866944444444
805,501755.127,21949.929000000004,10373.22700018502,427.2239666666667
806,500080.406,19296.24099999998,1799.5339999752177,416.34883055555565
807,243115.645,14486.233000000007,4035.3380003681177,241.64303055555553
808,149579.071,7669.908999999985,236.05700010109285,243.21164166666668
809,1395.114,1395.114,0.0,58.12975
810,431372.835,11185.341000000015,4499.950999984729,227.57680277777774
811,85625.649,5685.040000000008,117.03100024414016,151.76833611111113
812,429199.708,17033.31899999996,9214.392000068663,199.68032222222223
813,424976.523,17387.372000000032,6198.163000335684,305.49059444444447
814,422878.889,17380.101000000024,8559.277000112526,257.8290083333333
815,420704.083,11322.062000000034,2560.9109998416898,195.30026111111113
816,170095.735,9579.128999999986,5025.740000154496,133.85620555555553
817,175175.032,12915.161000000022,2307.4129999217985,286.48259444444443
818,426146.475,22074.613999999943,11329.49099987412,298.6414
819,422016.211,23253.829000000027,14883.190000213617,274.60937500000006
820,416187.634,15931.848000000056,10853.850999990464,159.65542222222223
821,420885.835,28459.226000000024,16499.718999794008,468.85771944444434
822,420297.869,34009.321000000054,17089.7369998188,545.4190722222221
823,417925.254,25562.141000000003,16866.157999776842,290.072625
824,355168.041,22467.098000000056,15634.482999910353,181.3653888888889
825,353798.025,23087.051000000036,15974.370999675753,224.13195555555558
826,82560.501,6014.236000000004,2378.289000040055,107.17803888888889
827,344698.468,27724.282999999996,9756.919000020986,556.2956555555555
828,349675.433,25400.84600000002,18381.7060002079,195.64799166666666
829,345519.161,20449.869000000006,13088.119000000006,216.5668333333333
830,345394.401,21253.29600000003,14539.717999877932,200.1669388888889
831,342527.914,21366.424,10275.301999958043,261.6867888888889
832,27.834,27.834,0.0,1.15975
833,342854.316,19073.63500000001,13403.190000167848,151.4452638888889
834,331947.751,14386.923999999999,7626.537000053402,205.25439722222222
835,80256.725,16226.022000000004,1124.6460000476836,378.1507888888889
836,69526.595,7697.963000000003,1297.2460000438696,224.54756388888893
837,433820.988,8634.483999999997,1225.9809999408753,207.28636388888884
838,361325.034,12743.533999999985,4118.749999902735,300.73286666666667
839,517940.231,7903.0929999999935,2187.6860000286033,159.00405833333332
840,359024.387,13692.251999999979,3555.7280001296895,246.36519722222224
841,426280.674,9094.272999999986,1136.7159999313371,214.89333888888893
842,506537.5,11056.52899999998,-3.816239768639207E-8,284.03141666666664
843,247805.794,7967.932000000001,3808.6920000152604,161.87454444444447
844,415184.312,9195.51199999993,2077.8230000095427,219.97513055555555
845,243323.609,10864.32699999999,4397.243999959959,203.6550888888889
846,420433.197,13800.330000000016,4085.5769998130854,223.6194722222222
847,580061.49,11879.517999999924,1911.9750000000022,288.705438888889
848,259524.991,8785.034000000014,1213.9730001716598,239.28553888888894
849,256562.929,8505.011999999988,583.1050001544972,224.12943611111112
850,342144.324,8538.254000000015,922.03900004959,192.0427722222222
851,82326.979,5399.446000000011,2248.3720000324247,106.34051666666667
852,269702.769,10408.984999999986,2734.319000110627,251.09811944444442
853,325620.956,7970.204000000027,4007.8749999675747,119.87583888888888
854,64276.467,4970.882999999994,1485.8180000782013,122.77107222222223
855,180605.522,10879.0,3307.18199993515,216.93686666666667
856,521103.18,17817.444000000018,4832.3020000667675,344.0074972222223
857,272004.051,14142.680999999982,2933.116000049591,329.578511111111
858,994.047,994.047,0.0,41.418625000000006
859,254143.906,12146.89499999999,5036.182000362394,257.44703888888887
860,263007.405,7316.790000000037,0.0,244.48496944444443
861,505162.827,14161.994000000006,3903.599999715814,269.1251361111111
862,502210.786,8899.657999999996,1779.6340000610362,184.74704722222225
863,244085.292,14234.51099999997,1598.084999944691,390.2387166666668
864,503924.424,19491.916000000027,6235.952000003805,427.4930777777778
865,236185.576,7373.311000000016,2059.987999788289,144.62715555555556
866,499692.044,10707.645000000019,5039.760000019087,120.86794166666667
867,68110.92,3207.959999999999,0.0,114.05723333333333
868,147949.799,6435.7729999999865,8.392089512199163E-8,229.56733333333335
869,93207.346,13936.251000000004,-5.5311829783022404E-8,421.2503277777777
870,432486.226,10530.414000000048,6909.338000053409,84.63577777777779
871,432118.968,19888.963999999978,8338.93199986076,371.74586666666664
872,78632.54,7570.064999999988,-6.294430932030082E-8,302.1455555555556
873,425088.006,11714.039999999979,437.01500012207543,256.8912277777778
874,1821.438,1821.438,0.0,75.89325000000001
875,69534.11,6412.4100000000035,1395.8050001506817,149.19829722222218
876,63356.925,4235.789000000004,1595.7679999198913,83.42843611111111
877,345363.636,13226.901000000013,7314.007000059128,186.6129777777778
878,82453.811,7457.744000000006,-1.7163984011858702E-8,216.90430277777773
879,334930.981,12417.411000000022,7449.7650001258835,160.88923888888888
880,82645.132,9106.760999999999,0.0,242.90636944444446
881,432652.352,8486.958000000042,-2.1744199329987168E-7,259.37620555555554
882,273520.988,18175.089000000007,429.49200003242004,429.7808472222222
883,520890.171,10736.822999999975,1372.1099999771068,179.18021944444442
884,253186.73,8745.864000000001,-5.532638169825077E-8,292.2615861111111
885,422013.102,11989.304999999993,1748.5930002327004,323.23365277777776
886,409134.241,7567.021000000008,552.5439999008231,203.53935833333335
887,86958.856,12351.452999999994,7.057178663671948E-8,372.0346361111111
888,335498.009,6099.130000000005,1054.9370002536762,167.17703888888892
889,335692.569,13587.536000000022,1922.468000005722,309.41106666666667
890,260173.654,9271.910000000003,1440.733000165943,239.1042666666667
891,521911.988,13320.87599999999,2911.711999782565,306.8140861111111
892,258625.931,8456.02800000002,1145.0949999752047,234.2604222222222
893,515031.845,8842.131999999983,277.68099989701295,212.76257222222222
894,258076.135,8842.177000000025,1018.2390001182575,217.0005888888889
895,173513.971,9527.939999999973,1184.5980003147124,233.63586388888888
896,86122.936,16290.115999999995,2394.493999925613,427.60060555555555
897,248041.296,11477.598999999987,3265.2730001316013,241.5406111111111
898,72493.859,4521.979999999996,1521.7940001926436,101.54473611111109
899,508277.06,13209.956000000006,5729.856999462128,154.31326944444444
900,501244.436,13239.223999999987,4847.944999921792,288.5543416666667
901,237847.293,16490.687999999995,1.907028490677476E-8,393.51485277777783
902,496473.931,11024.23099999997,4700.206999748225,206.4017527777778
903,493607.833,8653.047999999952,930.5280001182473,196.0024472222222
904,433305.576,8206.810999999987,680.4679999294403,228.31045555555556
905,432919.143,7508.036999999953,3515.4240000419595,130.22830555555558
906,426639.641,18772.465000000026,4464.913999860772,359.5813916666666
907,424994.82,11068.353999999992,6382.815000070584,153.02219722222225
908,412221.545,14436.168000000005,7032.9029998950955,249.63585555555554
909,2650.336,2650.336,0.0,110.43066666666665
910,335832.752,13261.954999999958,5127.668999792102,221.1642527777778
911,336721.849,12423.244000000006,6751.434000103,147.66126111111112
912,75592.062,5176.08600000001,0.0,187.0310166666667
913,582551.938,9351.027999999933,164.61700000381097,297.74301388888887
914,477.663,477.663,0.0,19.902625
915,523561.022,16863.36600000004,5563.965000082004,287.84396944444444
916,1817.184,1817.184,0.0,75.716
917,423412.507,10624.833999999973,4558.8709998340655,163.96507222222223
918,421961.218,11572.04700000002,8027.980999874126,110.51875833333332
919,416286.586,15332.247000000032,4603.075999713896,303.3262361111111
920,253573.73,16999.18400000001,6155.140000146872,321.9304333333333
921,433045.633,15119.393999999971,449.17900020600064,367.60344999999995
922,505528.197,20340.93299999996,11143.977000188817,280.2151111111111
923,506140.041,15578.206999999995,8817.273999979021,156.62563888888886
924,412386.958,15146.664999999979,8125.393000082011,240.35344166666664
925,410266.269,13292.688999999955,5950.066000074377,245.2647888888889
926,244851.465,11244.438999999984,4426.433999952307,186.74717222222222
927,499204.575,16367.843000000052,12073.31999998094,119.16062222222223
928,493550.436,10249.011999999988,2468.198999946595,203.53867777777776
929,361.644,361.644,0.0,15.0685
930,86391.55,7793.615000000005,389.80999994277954,273.77101666666664
931,84906.681,8742.39,-9.918221621774137E-8,238.49224444444442
932,336979.071,9293.969999999972,103.87099999428028,303.47968333333336
933,70352.73,5239.478999999999,1147.3600002136232,154.74689444444445
934,242804.246,8947.64400000003,1903.7120002689353,180.6160111111111
935,326916.336,6880.749000000011,2088.839000219341,135.468
936,240304.303,12260.481000000029,269.28099991417184,281.80721666666665
937,582592.771,16918.90399999998,3713.6560002975366,433.0138222222222
938,516576.39,9035.834000000032,1060.2499998397689,212.7584722222222
939,182581.066,6692.142999999982,2405.00800043869,123.63842222222222
940,81759.821,3599.9619999999995,1.0871735867112875E-7,111.98109444444444
941,255102.806,7428.093000000023,2532.8330001316062,148.85934444444442
942,245791.294,7733.223999999987,2001.666000066757,161.93080277777779
943,173204.995,10370.404999999999,1121.7969998760236,306.57250277777774
944,501728.2,7110.4460000000545,699.9089998970048,201.19733333333332
945,243700.417,16022.094999999972,1219.9719997196235,394.30800277777774
946,502484.971,13676.312000000034,4226.624000144948,271.8823361111111
947,230.303,230.303,0.0,9.595958333333332
948,437099.842,13767.61499999999,7675.1810002078855,205.49315555555557
949,432272.963,10277.070999999996,5118.45799983598,139.28135833333334
950,434195.763,12645.477000000014,4376.128999629986,197.47333055555555
951,437662.13,15767.141999999993,11833.964999599448,136.10861666666668
952,436095.458,19868.466000000015,7697.788000162131,331.31127777777783
953,429534.517,9063.94299999997,3450.61400003625,152.3320861111111
954,431653.661,14262.362000000023,8391.618999820712,155.895675
955,426538.862,22310.112000000023,8713.600000135415,299.30826388888886
956,417982.937,25778.214999999967,8425.86900014113,417.6168555555556
957,416273.685,14285.487000000023,9711.907999635696,117.86384444444444
958,409516.98,11336.689999999944,2174.4639999580395,246.3690333333333
959,410836.927,16109.434000000008,3770.5110000476743,385.55482500000005
960,352099.778,21339.679000000004,4819.289999992383,555.6054222222222
961,345296.707,17232.55899999995,8506.678999963759,260.54695
962,344192.332,13659.98099999997,6343.989000020985,179.37385833333332
963,344857.888,16588.739,10103.690999797822,183.90810833333333
964,336511.912,18702.622000000032,8402.689000242233,283.84165
965,332373.263,16232.350999999966,5262.076000101104,267.55886388888894
966,1138.28,1138.28,0.0,47.428333333333335
967,583067.6,18566.22199999995,3680.89700014878,406.4929055555555
968,494626.592,15441.848999999987,5120.054000284203,276.6802944444444
969,429710.971,17275.51000000001,2627.95500007629,431.26919166666676
970,511319.68,15686.723999999987,7597.679999973301,263.9434972222222
971,508401.553,14000.141999999993,5634.2430001621215,215.18445555555556
972,418912.596,19663.035000000033,7808.0430000248025,338.48001388888895
973,502153.314,15810.763000000035,9572.112000352856,169.24266111111112
974,413050.732,14687.081000000064,5099.1200001125235,276.80205277777776
975,240368.372,5321.398000000016,103.64199994469527,151.13504722222223
976,496515.093,15180.44199999998,8382.330000026694,246.2202611111111
977,493235.596,10480.092000000062,571.3610000781991,315.5857638888889
978,321466.888,12291.739000000001,1977.3359999084473,405.7452333333334
979,579557.927,13613.74199999997,2188.4289999179846,343.8756694444445
980,88045.102,4981.236000000004,1804.5660001640317,109.13381388888888
981,260421.237,14676.396000000008,4061.3900000400536,267.7358194444444
982,258910.084,10559.899000000005,4057.117000057217,182.75179999999997
983,254526.112,7669.385999999999,2821.205000282289,144.13033055555553
984,244388.475,6128.735000000015,100.05899991226033,151.7037083333333
985,245991.53,8628.394,1861.230999805448,208.48851666666667
986,328829.568,13258.974000000046,52.97099995040844,290.0125
987,85639.157,6706.583000000013,-3.816239768639207E-9,227.7400166666667
988,266547.131,9943.478999999992,2149.4869998702998,270.99443333333335
989,512080.033,10060.389000000025,2759.813999921811,241.54043611111112
990,77777.448,7689.990000000005,2032.1129999618533,232.99147222222223
991,245251.403,12491.834000000003,1987.21799991226,394.259175
992,244606.739,10126.456000000006,1205.4469999065404,242.7149777777778
993,504630.51,18587.042000000016,2331.8309999961857,496.63048333333336
994,242106.779,7015.592000000033,1644.4090001029963,149.33875555555554
995,71343.435,5116.8689999999915,2174.5880000152574,100.02435833333332
996,257596.633,11064.453999999998,3216.144999938965,163.6832611111111
997,496324.486,8920.001999999979,3569.675000055322,154.38089722222222
998,439028.866,11407.402000000002,3991.1190000915594,180.4986
999,437539.695,15272.476000000024,-8.775248261372326E-8,305.34732777777776
1000,425696.8,17849.114,2817.448000057222,370.19084722222215
